ts,sessionId,level,itemInSession,city,zip,state,userAgent,lon,lat,userId,lastName,firstName,gender,registration,success,year,month,hour,day
2026-08-07T21:27:42.000+07:00,39,free,2,Asbury Park,,NJ,Mozilla/5.0 (Windows NT 5.1; rv:31.0) Gecko/20100101 Firefox/31.0,-74.053712,40.249708,40,Santana,Lydia,F,1775627312000,true,2026,8,21,7
2026-08-07T21:59:44.000+07:00,158,paid,1,Himrod,,NY,Mozilla/5.0 (compatible; MSIE 10.0; Windows NT 6.1; WOW64; Trident/6.0),-76.981134,42.600505,56,Williams,Celeste,F,1761739651000,true,2026,8,21,7
2026-08-07T22:03:15.000+07:00,191,paid,5,Teaneck,,NJ,"\"Mozilla/5.0 (Windows NT 6.1; WOW64) AppleWebKit/537.36 (KHTML, like Gecko) Chrome/36.0.1985.143 Safari/537.36\"",-74.011478,40.890317,71,Hill,Christopher,M,1628311645000,true,2026,8,22,7
2026-08-07T23:58:02.000+07:00,222,free,1,Mesa,,AZ,"\"Mozilla/5.0 (Windows NT 6.1; WOW64) AppleWebKit/537.36 (KHTML, like Gecko) Chrome/36.0.1985.143 Safari/537.36\"",-111.769015,33.448733,30,Lin,Sima,F,1628311645000,true,2026,8,23,7
2026-08-08T12:22:33.000+07:00,187,free,6,Flagstaff,,AZ,"\"Mozilla/5.0 (Macintosh; Intel Mac OS X 10_9_4) AppleWebKit/537.36 (KHTML, like Gecko) Chrome/36.0.1985.125 Safari/537.36\"",-111.373463,35.380939,87,Hickman,Claire,F,1628311645000,true,2026,8,12,8
2026-08-07T17:40:17.000+07:00,306795,free,1,Monterey,,CA,"\"Mozilla/5.0 (X11; Linux x86_64) AppleWebKit/537.36 (KHTML, like Gecko) Ubuntu Chromium/34.0.1847.116 Chrome/34.0.1847.116 Safari/537.36\"",-121.840727,36.57485,306796,Schmidt,Aden,M,1724857046000,true,2026,8,17,7
2026-08-07T17:40:19.000+07:00,768378,paid,26,Sandy,,UT,"\"Mozilla/5.0 (Windows NT 6.3; WOW64) AppleWebKit/537.36 (KHTML, like Gecko) Chrome/36.0.1985.125 Safari/537.36\"",-111.706362,40.554125,768379,Navarro,Olivia,F,1686679703000,true,2026,8,17,7
2026-08-07T17:40:21.000+07:00,1674884,free,6,Providence,,RI,"\"Mozilla/5.0 (Macintosh; Intel Mac OS X 10_9_4) AppleWebKit/537.77.4 (KHTML, like Gecko) Version/7.0.5 Safari/537.77.4\"",-71.436309,41.858331,939391,Fernandez,Thomas,M,1628311215000,true,2026,8,17,7
2026-08-07T17:40:23.000+07:00,611031,free,1,Baltimore,,MD,"\"Mozilla/5.0 (iPad; CPU OS 7_1_2 like Mac OS X) AppleWebKit/537.51.2 (KHTML, like Gecko) Version/7.0 Mobile/11D257 Safari/9537.53\"",-76.671717,39.310595,611032,Gilmore,Shelby,F,1715430985000,true,2026,8,17,7
2026-08-07T17:40:28.000+07:00,597326,free,2,Ionia,,MI,Mozilla/5.0 (Windows NT 6.1; WOW64; rv:31.0) Gecko/20100101 Firefox/31.0,-85.057887,42.986125,597327,Bailey,John,M,1722987825000,true,2026,8,17,7
2026-08-07T17:40:42.000+07:00,948461,free,1,Blackwood,,NJ,"\"Mozilla/5.0 (Macintosh; Intel Mac OS X 10_7_5) AppleWebKit/537.77.4 (KHTML, like Gecko) Version/6.1.5 Safari/537.77.4\"",-75.056068,39.783815,948462,Williams,Anthony,M,1628311215000,true,2026,8,17,7
2026-08-07T17:40:42.000+07:00,1548788,paid,43,Warwick,,RI,"\"Mozilla/5.0 (Macintosh; Intel Mac OS X 10_9_4) AppleWebKit/537.78.2 (KHTML, like Gecko) Version/7.0.6 Safari/537.78.2\"",-71.376927,41.700591,741891,Thompson,Miguelangel,M,1628311215000,true,2026,8,17,7
2026-08-07T17:40:56.000+07:00,790822,free,1,Palo Alto,,CA,"\"Mozilla/5.0 (Macintosh; Intel Mac OS X 10_9_4) AppleWebKit/537.36 (KHTML, like Gecko) Chrome/36.0.1985.143 Safari/537.36\"",-122.115398,37.45809,790823,Garcia,Charli,F,1628311215000,true,2026,8,17,7
2026-08-07T17:41:00.000+07:00,377320,paid,17,Greenbelt,,MD,"\"Mozilla/5.0 (Macintosh; Intel Mac OS X 10_9_4) AppleWebKit/537.78.2 (KHTML, like Gecko) Version/7.0.6 Safari/537.78.2\"",-76.879165,39.002985,377321,Andrade,Simeon,M,1680632923000,true,2026,8,17,7
2026-08-07T17:41:00.000+07:00,1742918,paid,1,Los Altos,,CA,"\"Mozilla/5.0 (Macintosh; Intel Mac OS X 10_9_4) AppleWebKit/537.36 (KHTML, like Gecko) Chrome/36.0.1985.143 Safari/537.36\"",-122.144416,37.357472,95730,Torres,Abdulrahman,M,1701191768000,true,2026,8,17,7
2026-08-07T17:41:01.000+07:00,1290390,paid,4,Dickinson,,TX,Mozilla/5.0 (Macintosh; Intel Mac OS X 10.9; rv:31.0) Gecko/20100101 Firefox/31.0,-95.031051,29.456766,665767,Allen,Ezekiel,M,1628311215000,true,2026,8,17,7
2026-08-07T17:41:01.000+07:00,1892531,free,4,Mount Clare,,WV,Mozilla/5.0 (Macintosh; Intel Mac OS X 10.9; rv:31.0) Gecko/20100101 Firefox/31.0,-80.306444,39.196594,,,,,,false,2026,8,17,7
2026-08-07T17:41:02.000+07:00,1892531,free,5,Mount Clare,,WV,Mozilla/5.0 (Macintosh; Intel Mac OS X 10.9; rv:31.0) Gecko/20100101 Firefox/31.0,-80.306444,39.196594,,,,,,false,2026,8,17,7
2026-08-07T17:41:12.000+07:00,1892531,free,6,Mount Clare,,WV,Mozilla/5.0 (Macintosh; Intel Mac OS X 10.9; rv:31.0) Gecko/20100101 Firefox/31.0,-80.306444,39.196594,17107,Roberts,Audrey,F,1628311215000,true,2026,8,17,7
2026-08-07T17:41:13.000+07:00,1739837,paid,1,Chesapeake,,VA,"\"Mozilla/5.0 (Windows NT 6.1; WOW64) AppleWebKit/537.36 (KHTML, like Gecko) Chrome/36.0.1985.143 Safari/537.36\"",-76.379928,36.696963,651829,Wheeler,Melody,F,1748140635000,true,2026,8,17,7
2026-08-07T17:41:13.000+07:00,1386932,paid,18,Warwick,,RI,"\"Mozilla/5.0 (Macintosh; Intel Mac OS X 10_8_5) AppleWebKit/537.36 (KHTML, like Gecko) Chrome/36.0.1985.143 Safari/537.36\"",-71.376927,41.700591,460415,Hill,Samantha,F,1628311215000,true,2026,8,17,7
2026-08-07T17:41:14.000+07:00,83527,free,1,New Orleans,,LA,"\"Mozilla/5.0 (Macintosh; Intel Mac OS X 10_9_4) AppleWebKit/537.36 (KHTML, like Gecko) Chrome/36.0.1985.143 Safari/537.36\"",-90.103919,30.007379,83528,Greene,Jazzlynn,F,1628311215000,true,2026,8,17,7
2026-08-07T17:41:21.000+07:00,779076,free,7,Torrance,,CA,Mozilla/5.0 (X11; Ubuntu; Linux i686; rv:31.0) Gecko/20100101 Firefox/31.0,-118.353714,33.840399,779077,Jensen,Janel,F,1761290847000,true,2026,8,17,7
2026-08-07T17:41:26.000+07:00,1863865,paid,2,Sterling Heights,,MI,"\"Mozilla/5.0 (Windows NT 6.1) AppleWebKit/537.36 (KHTML, like Gecko) Chrome/36.0.1985.125 Safari/537.36\"",-83.053489,42.612074,970179,Mack,Addison,F,1628311215000,true,2026,8,17,7
2026-08-07T17:41:27.000+07:00,1820789,paid,2,Long Grove,,IA,"\"Mozilla/5.0 (Macintosh; Intel Mac OS X 10_9_2) AppleWebKit/537.36 (KHTML, like Gecko) Chrome/37.0.2062.94 Safari/537.36\"",-90.539115,41.729401,268568,Jackson,Leighla,F,1628311215000,true,2026,8,17,7
2026-08-07T17:41:30.000+07:00,1755425,free,1,Detroit,,MI,"\"Mozilla/5.0 (Macintosh; Intel Mac OS X 10_9_4) AppleWebKit/537.78.2 (KHTML, like Gecko) Version/7.0.6 Safari/537.78.2\"",-82.954344,42.375051,,,,,,false,2026,8,17,7
2026-08-07T17:41:32.000+07:00,1294716,paid,37,Redwood Valley,,CA,"\"Mozilla/5.0 (Macintosh; Intel Mac OS X 10_9_4) AppleWebKit/537.77.4 (KHTML, like Gecko) Version/7.0.5 Safari/537.77.4\"",-123.249924,39.31403,914449,Le,Ezmeralda,F,1628311215000,true,2026,8,17,7
2026-08-07T17:41:34.000+07:00,963804,free,2,Jersey City,,NJ,Mozilla/5.0 (Windows NT 6.1; WOW64; rv:31.0) Gecko/20100101 Firefox/31.0,-74.071875,40.734924,963805,Nguyen,Joshua,M,1725056101000,true,2026,8,17,7
2026-08-07T17:41:51.000+07:00,1731921,free,4,Bronx,,NY,Mozilla/5.0 (X11; Ubuntu; Linux x86_64; rv:31.0) Gecko/20100101 Firefox/31.0,-73.860389,40.84328,,,,,,false,2026,8,17,7
2026-08-07T17:41:51.000+07:00,1726562,paid,12,Omaha,,NE,"\"Mozilla/5.0 (Windows NT 6.1; WOW64) AppleWebKit/537.36 (KHTML, like Gecko) Chrome/36.0.1985.143 Safari/537.36\"",-96.11845,41.234983,358670,Marshall,Riley,F,1766855188000,true,2026,8,17,7
2026-08-07T17:41:52.000+07:00,1731921,free,5,Bronx,,NY,Mozilla/5.0 (X11; Ubuntu; Linux x86_64; rv:31.0) Gecko/20100101 Firefox/31.0,-73.860389,40.84328,,,,,,false,2026,8,17,7
2026-08-07T17:41:54.000+07:00,1755425,free,4,Detroit,,MI,"\"Mozilla/5.0 (Macintosh; Intel Mac OS X 10_9_4) AppleWebKit/537.78.2 (KHTML, like Gecko) Version/7.0.6 Safari/537.78.2\"",-82.954344,42.375051,9608,Carter,Maximiliano,M,1706692431000,true,2026,8,17,7
2026-08-07T17:41:55.000+07:00,1764131,paid,16,Waterford,,MI,Mozilla/5.0 (X11; Ubuntu; Linux x86_64; rv:30.0) Gecko/20100101 Firefox/30.0,-83.388622,42.687016,597161,Brown,Luke,M,1677286572000,true,2026,8,17,7
2026-08-07T17:41:55.000+07:00,292607,paid,13,Renton,,WA,Mozilla/5.0 (Windows NT 6.1; WOW64; Trident/7.0; rv:11.0) like Gecko,-122.190248,47.512527,292608,Hatfield,Jaylena,F,1628311215000,true,2026,8,17,7
2026-08-07T17:41:58.000+07:00,1486838,paid,10,Hialeah,,FL,"\"Mozilla/5.0 (Windows NT 6.1; WOW64) AppleWebKit/537.36 (KHTML, like Gecko) Chrome/36.0.1985.125 Safari/537.36\"",-80.269677,25.86219,941522,Tapia,Olivia,F,1628311215000,true,2026,8,17,7
2026-08-07T17:41:59.000+07:00,858799,free,2,Mastic Beach,,NY,"\"Mozilla/5.0 (Windows NT 6.1; WOW64) AppleWebKit/537.36 (KHTML, like Gecko) Chrome/36.0.1985.125 Safari/537.36\"",-72.830344,40.763164,858800,Garcia,Samiya,F,1757303644000,true,2026,8,17,7
2026-08-07T17:42:01.000+07:00,326090,free,3,Bronx,,NY,"\"Mozilla/5.0 (Windows NT 6.1; WOW64) AppleWebKit/537.36 (KHTML, like Gecko) Chrome/36.0.1985.143 Safari/537.36\"",-73.898678,40.84715,326091,Lewis,Isabella,F,1628311215000,true,2026,8,17,7
2026-08-07T17:42:02.000+07:00,228414,free,2,Lawrence,,KS,"\"Mozilla/5.0 (Windows NT 6.1; WOW64) AppleWebKit/537.36 (KHTML, like Gecko) Chrome/36.0.1985.143 Safari/537.36\"",-95.344139,38.978105,228415,Underwood,Levi,M,1628311215000,true,2026,8,17,7
2026-08-07T17:42:06.000+07:00,707209,free,2,Fresno,,CA,"\"Mozilla/5.0 (Windows NT 6.1; WOW64) AppleWebKit/537.36 (KHTML, like Gecko) Chrome/36.0.1985.125 Safari/537.36\"",-119.799812,36.840813,707210,Lopez,Katelyn,F,1628311215000,true,2026,8,17,7
2026-08-07T17:42:15.000+07:00,700954,free,6,Los Angeles,,CA,Mozilla/5.0 (Windows NT 6.1; WOW64; rv:31.0) Gecko/20100101 Firefox/31.0,-118.192098,34.114708,700955,Taylor,Brayden,M,1698471758000,true,2026,8,17,7
2026-08-07T17:42:17.000+07:00,630358,paid,15,Winnetka,,IL,"\"Mozilla/5.0 (Windows NT 6.1; WOW64) AppleWebKit/537.36 (KHTML, like Gecko) Chrome/36.0.1985.143 Safari/537.36\"",-87.756292,42.106708,,,,,,false,2026,8,17,7
2026-08-07T17:42:17.000+07:00,1601096,paid,8,Smithfield,,VA,"\"Mozilla/5.0 (Windows NT 6.3; WOW64) AppleWebKit/537.36 (KHTML, like Gecko) Chrome/36.0.1985.143 Safari/537.36\"",-76.655932,37.001261,869028,Burke,Adrian,M,1628311215000,true,2026,8,17,7
2026-08-07T17:42:18.000+07:00,630358,paid,16,Winnetka,,IL,"\"Mozilla/5.0 (Windows NT 6.1; WOW64) AppleWebKit/537.36 (KHTML, like Gecko) Chrome/36.0.1985.143 Safari/537.36\"",-87.756292,42.106708,,,,,,false,2026,8,17,7
2026-08-07T17:42:21.000+07:00,1731921,free,6,Bronx,,NY,Mozilla/5.0 (X11; Ubuntu; Linux x86_64; rv:31.0) Gecko/20100101 Firefox/31.0,-73.860389,40.84328,464148,Miranda,John,M,1628311215000,true,2026,8,17,7
2026-08-07T17:42:22.000+07:00,771833,free,1,Dallas,,TX,Mozilla/5.0 (Windows NT 6.1; WOW64; rv:31.0) Gecko/20100101 Firefox/31.0,-96.840948,32.660862,771834,Stephens,April,F,1628311215000,true,2026,8,17,7
2026-08-07T17:42:27.000+07:00,1600617,free,1,Templeton,,MA,Mozilla/5.0 (Windows NT 6.1; rv:31.0) Gecko/20100101 Firefox/31.0,-72.068345,42.542767,625987,Jones,Sophia,F,1628311215000,true,2026,8,17,7
2026-08-07T17:42:33.000+07:00,1787410,paid,33,Vicksburg,,MS,"\"Mozilla/5.0 (Windows NT 6.3; WOW64) AppleWebKit/537.36 (KHTML, like Gecko) Chrome/36.0.1985.143 Safari/537.36\"",-90.857925,32.230115,149282,Burnett,Conner,M,1628311215000,true,2026,8,17,7
2026-08-07T17:42:33.000+07:00,49314,free,3,Marietta,,GA,"\"Mozilla/5.0 (Macintosh; Intel Mac OS X 10_9_4) AppleWebKit/537.36 (KHTML, like Gecko) Chrome/36.0.1985.125 Safari/537.36\"",-84.462185,33.934278,49315,Smith,Micha,M,1628311215000,true,2026,8,17,7
2026-08-07T17:42:39.000+07:00,909557,free,4,Plano,,TX,"\"Mozilla/5.0 (Windows NT 6.1; WOW64) AppleWebKit/537.36 (KHTML, like Gecko) Chrome/36.0.1985.143 Safari/537.36\"",-96.740008,33.090085,909558,Jacobs,Parker,M,1673078843000,true,2026,8,17,7
2026-08-07T17:42:46.000+07:00,515834,free,1,Chicago,,IL,Mozilla/5.0 (Macintosh; Intel Mac OS X 10.9; rv:31.0) Gecko/20100101 Firefox/31.0,-87.672388,41.846223,515835,Thomas,Foster,M,1628311215000,true,2026,8,17,7
2026-08-07T17:42:53.000+07:00,612372,free,4,Twin Mountain,,NH,"\"Mozilla/5.0 (Macintosh; Intel Mac OS X 10_10) AppleWebKit/600.1.8 (KHTML, like Gecko) Version/8.0 Safari/600.1.8\"",-71.497302,44.305324,612373,Avery,Jameson,M,1628311215000,true,2026,8,17,7
2026-08-07T17:42:54.000+07:00,582845,free,2,Cleveland,,OH,"\"Mozilla/5.0 (Windows NT 6.3; WOW64) AppleWebKit/537.36 (KHTML, like Gecko) Chrome/36.0.1985.143 Safari/537.36\"",-81.738327,41.479222,582846,Johnson,Gabriella,F,1628311215000,true,2026,8,17,7
2026-08-07T17:42:55.000+07:00,1611402,free,1,Weatherford,,TX,Mozilla/5.0 (Windows NT 6.1; WOW64; rv:31.0) Gecko/20100101 Firefox/31.0,-97.791085,32.754964,357919,Pierce,Anthony,M,1756484117000,true,2026,8,17,7
2026-08-07T17:42:59.000+07:00,1873329,paid,2,Santa Ana,,CA,"\"Mozilla/5.0 (Macintosh; Intel Mac OS X 10_6_8) AppleWebKit/534.59.10 (KHTML, like Gecko) Version/5.1.9 Safari/534.59.10\"",-117.90511,33.721131,772544,Ramirez,Jaesean,M,1660589547000,true,2026,8,17,7
2026-08-07T17:43:02.000+07:00,1759069,paid,2,Lakewood,,CA,"\"Mozilla/5.0 (Macintosh; Intel Mac OS X 10_9_4) AppleWebKit/537.77.4 (KHTML, like Gecko) Version/7.0.5 Safari/537.77.4\"",-118.112601,33.847989,332056,Smith,Austin,M,1628311215000,true,2026,8,17,7
2026-08-07T17:43:05.000+07:00,381644,free,3,Omaha,,NE,"\"Mozilla/5.0 (Windows NT 6.1; WOW64) AppleWebKit/537.36 (KHTML, like Gecko) Chrome/37.0.2062.103 Safari/537.36\"",-95.953445,41.208271,381645,Friedman,Ethan,M,1628311215000,true,2026,8,17,7
2026-08-07T17:43:08.000+07:00,1467088,free,4,Edmond,,OK,Mozilla/5.0 (Windows NT 6.3; WOW64; Trident/7.0; rv:11.0) like Gecko,-97.593657,35.667234,660501,Grant,Angeline,F,1628311215000,true,2026,8,17,7
2026-08-07T17:43:16.000+07:00,1420842,free,2,Houston,,TX,"\"Mozilla/5.0 (Windows NT 6.1) AppleWebKit/537.36 (KHTML, like Gecko) Chrome/36.0.1985.143 Safari/537.36\"",-95.480935,29.712099,,,,,,false,2026,8,17,7
2026-08-07T17:43:17.000+07:00,1420842,free,3,Houston,,TX,"\"Mozilla/5.0 (Windows NT 6.1) AppleWebKit/537.36 (KHTML, like Gecko) Chrome/36.0.1985.143 Safari/537.36\"",-95.480935,29.712099,,,,,,false,2026,8,17,7
2026-08-07T17:43:18.000+07:00,593123,paid,5,Saginaw,,MN,"\"Mozilla/5.0 (Windows NT 6.1; WOW64) AppleWebKit/537.36 (KHTML, like Gecko) Chrome/36.0.1985.125 Safari/537.36\"",-92.448827,46.908849,593124,Sutton,Javion,M,1628311215000,true,2026,8,17,7
2026-08-07T17:43:21.000+07:00,211861,free,4,Buffalo,,NY,"\"Mozilla/5.0 (Windows NT 6.3; WOW64) AppleWebKit/537.36 (KHTML, like Gecko) Chrome/36.0.1985.125 Safari/537.36\"",-78.730563,42.886909,211862,White,Ethan,M,1628311215000,true,2026,8,17,7
2026-08-07T17:43:23.000+07:00,642622,free,2,Detroit,,MI,Mozilla/5.0 (Macintosh; Intel Mac OS X 10.9; rv:31.0) Gecko/20100101 Firefox/31.0,-82.981142,42.433156,642623,Rosales,Alyssa,F,1777968312000,true,2026,8,17,7
2026-08-07T17:43:23.000+07:00,916088,free,2,Omaha,,NE,"\"Mozilla/5.0 (Macintosh; Intel Mac OS X 10_9_4) AppleWebKit/537.36 (KHTML, like Gecko) Chrome/36.0.1985.143 Safari/537.36\"",-95.964916,41.295458,916089,Miller,Isabella,F,1685459606000,true,2026,8,17,7
2026-08-07T17:43:25.000+07:00,50916,free,4,Fred,,TX,Mozilla/5.0 (Windows NT 6.3; WOW64; rv:31.0) Gecko/20100101 Firefox/31.0,-94.17932,30.566846,50917,Shannon,Harrison,M,1628311215000,true,2026,8,17,7
2026-08-07T17:43:26.000+07:00,1790493,free,6,Fuquay Varina,,NC,Mozilla/5.0 (Windows NT 6.1; WOW64; rv:31.0) Gecko/20100101 Firefox/31.0,-78.831392,35.541473,409788,West,Tristan,M,1628311215000,true,2026,8,17,7
2026-08-07T17:43:27.000+07:00,876361,paid,57,Wausau,,WI,Mozilla/5.0 (Windows NT 6.3; WOW64; rv:31.0) Gecko/20100101 Firefox/31.0,-89.525216,45.018422,876362,Buckley,Michael,M,1628311215000,true,2026,8,17,7
2026-08-07T17:43:27.000+07:00,433081,free,2,Aragon,,GA,Mozilla/5.0 (Macintosh; Intel Mac OS X 10.9; rv:31.0) Gecko/20100101 Firefox/31.0,-85.056489,34.087138,433082,Davis,Sabina,F,1783128570000,true,2026,8,17,7
2026-08-07T17:43:27.000+07:00,891609,free,2,Seattle,,WA,"\"Mozilla/5.0 (Windows NT 6.3; WOW64) AppleWebKit/537.36 (KHTML, like Gecko) Chrome/36.0.1985.125 Safari/537.36\"",-122.293207,47.611046,891610,Blair,Macy,F,1755897924000,true,2026,8,17,7
2026-08-07T17:43:28.000+07:00,192541,free,3,Cherokee Village,,AR,"\"Mozilla/5.0 (Windows NT 6.1; WOW64) AppleWebKit/537.36 (KHTML, like Gecko) Chrome/36.0.1985.125 Safari/537.36\"",-91.564285,36.292323,192542,Rios,Tiauna,F,1628311215000,true,2026,8,17,7
2026-08-07T17:43:30.000+07:00,1907211,paid,2,Middleburg,,FL,Mozilla/5.0 (Windows NT 6.1; WOW64; Trident/7.0; rv:11.0) like Gecko,-81.890854,30.083265,984703,Johnson,Aiden,M,1772724751000,true,2026,8,17,7
2026-08-07T17:43:31.000+07:00,1809664,paid,86,Cumming,,GA,"\"Mozilla/5.0 (Macintosh; Intel Mac OS X 10_9_4) AppleWebKit/537.36 (KHTML, like Gecko) Chrome/36.0.1985.125 Safari/537.36\"",-84.100357,34.204626,661599,Cummings,Quentin,M,1785295969000,true,2026,8,17,7
2026-08-07T17:43:31.000+07:00,1839469,free,2,Wickliffe,,KY,"\"Mozilla/5.0 (Windows NT 6.1; WOW64) AppleWebKit/537.36 (KHTML, like Gecko) Chrome/36.0.1985.143 Safari/537.36\"",-88.996318,36.975903,421037,Allen,Elena,F,1628311215000,true,2026,8,17,7
2026-08-07T17:43:34.000+07:00,521368,free,2,Fallston,,MD,"\"Mozilla/5.0 (Windows NT 6.1; WOW64) AppleWebKit/537.36 (KHTML, like Gecko) Chrome/37.0.2062.103 Safari/537.36\"",-76.438784,39.521387,,,,,,false,2026,8,17,7
2026-08-07T17:43:35.000+07:00,1558082,free,4,Vista,,CA,"\"Mozilla/5.0 (Macintosh; Intel Mac OS X 10_9_4) AppleWebKit/537.36 (KHTML, like Gecko) Chrome/36.0.1985.143 Safari/537.36\"",-117.248203,33.19784,755276,Moran,Juan,M,1628311215000,true,2026,8,17,7
2026-08-07T17:43:37.000+07:00,457843,free,1,Point Marion,,PA,"\"Mozilla/5.0 (iPhone; CPU iPhone OS 7_1_1 like Mac OS X) AppleWebKit/537.51.2 (KHTML, like Gecko) Version/7.0 Mobile/11D201 Safari/9537.53\"",-79.891941,39.752149,,,,,,false,2026,8,17,7
2026-08-07T17:43:38.000+07:00,457843,free,2,Point Marion,,PA,"\"Mozilla/5.0 (iPhone; CPU iPhone OS 7_1_1 like Mac OS X) AppleWebKit/537.51.2 (KHTML, like Gecko) Version/7.0 Mobile/11D201 Safari/9537.53\"",-79.891941,39.752149,,,,,,false,2026,8,17,7
2026-08-07T17:43:45.000+07:00,1536879,free,4,Elmwood Park,,IL,"\"Mozilla/5.0 (Windows NT 6.3; WOW64) AppleWebKit/537.36 (KHTML, like Gecko) Chrome/36.0.1985.143 Safari/537.36\"",-87.807282,41.921854,831761,Acevedo,Grady,M,1628311215000,true,2026,8,17,7
2026-08-07T17:43:50.000+07:00,945508,free,4,Turlock,,CA,"\"Mozilla/5.0 (Macintosh; Intel Mac OS X 10_9_4) AppleWebKit/537.36 (KHTML, like Gecko) Chrome/36.0.1985.143 Safari/537.36\"",-120.853313,37.528476,945509,Salazar,Layla,F,1628311215000,true,2026,8,17,7
2026-08-07T17:43:51.000+07:00,630358,paid,17,Winnetka,,IL,"\"Mozilla/5.0 (Windows NT 6.1; WOW64) AppleWebKit/537.36 (KHTML, like Gecko) Chrome/36.0.1985.143 Safari/537.36\"",-87.756292,42.106708,630359,Clark,Cameron,M,1672389234000,true,2026,8,17,7
2026-08-07T17:43:56.000+07:00,1420842,free,4,Houston,,TX,"\"Mozilla/5.0 (Windows NT 6.1) AppleWebKit/537.36 (KHTML, like Gecko) Chrome/36.0.1985.143 Safari/537.36\"",-95.480935,29.712099,447336,Farley,Cristhofer,M,1628311215000,true,2026,8,17,7
2026-08-07T17:43:58.000+07:00,1847084,free,1,Memphis,,TN,"\"Mozilla/5.0 (Windows NT 6.1; WOW64) AppleWebKit/537.36 (KHTML, like Gecko) Chrome/36.0.1985.125 Safari/537.36\"",-90.023442,35.170165,28513,Higgins,Valerie,F,1658762227000,true,2026,8,17,7
2026-08-07T17:43:59.000+07:00,1520814,paid,1,Lincoln,,NE,"\"Mozilla/5.0 (iPad; CPU OS 7_1_2 like Mac OS X) AppleWebKit/537.51.2 (KHTML, like Gecko) Version/7.0 Mobile/11D257 Safari/9537.53\"",-96.707513,40.738801,235213,Alvarado,Alexa,F,1628311215000,true,2026,8,17,7
2026-08-07T17:44:05.000+07:00,835694,paid,77,Seaside,,CA,"\"Mozilla/5.0 (Windows NT 6.3; WOW64) AppleWebKit/537.36 (KHTML, like Gecko) Chrome/36.0.1985.125 Safari/537.36\"",-121.786901,36.61441,835695,Perry,Layla,F,1709380465000,true,2026,8,17,7
2026-08-07T17:44:08.000+07:00,1643550,free,5,Sandston,,VA,"\"Mozilla/5.0 (Windows NT 6.1) AppleWebKit/537.36 (KHTML, like Gecko) Chrome/36.0.1985.125 Safari/537.36\"",-77.252612,37.501136,95230,Sanford,Ryland,M,1628311215000,true,2026,8,17,7
2026-08-07T17:44:10.000+07:00,1637713,free,5,Millersville,,MD,"\"Mozilla/5.0 (Windows NT 6.3; WOW64) AppleWebKit/537.36 (KHTML, like Gecko) Chrome/36.0.1985.125 Safari/537.36\"",-76.621098,39.091266,66634,Martinez,Tomas,M,1628311215000,true,2026,8,17,7
2026-08-07T17:44:12.000+07:00,1660519,free,5,Cedar Park,,TX,"\"Mozilla/5.0 (Windows NT 6.1; WOW64) AppleWebKit/537.36 (KHTML, like Gecko) Chrome/35.0.1916.153 Safari/537.36\"",-97.8242,30.503949,989608,Walsh,Isaiah,M,1628311215000,true,2026,8,17,7
2026-08-07T17:44:15.000+07:00,689027,paid,31,Aiea,,HI,Mozilla/5.0 (Windows NT 6.3; WOW64; rv:31.0) Gecko/20100101 Firefox/31.0,-157.884952,21.406053,689028,Ramos,Jade,F,1741201039000,true,2026,8,17,7
2026-08-07T17:44:17.000+07:00,187860,free,1,Garfield,,NJ,Mozilla/5.0 (Windows NT 6.3; WOW64; rv:31.0) Gecko/20100101 Firefox/31.0,-74.10825,40.879797,187861,Shields,Tylan,M,1682667556000,true,2026,8,17,7
2026-08-07T17:44:21.000+07:00,1283478,paid,4,Colton,,CA,"\"Mozilla/5.0 (Windows NT 6.1) AppleWebKit/537.36 (KHTML, like Gecko) Chrome/36.0.1985.125 Safari/537.36\"",-117.289351,34.024368,827749,Boone,Teagen,M,1628311215000,true,2026,8,17,7
2026-08-07T17:44:27.000+07:00,281599,free,1,Monroe,,NC,"\"Mozilla/5.0 (Macintosh; Intel Mac OS X 10_10_0) AppleWebKit/537.36 (KHTML, like Gecko) Chrome/36.0.1985.125 Safari/537.36\"",-80.524866,35.065318,281600,Garrison,Paul,M,1678362642000,true,2026,8,17,7
2026-08-07T17:44:28.000+07:00,967144,paid,37,Huntsville,,AL,"\"Mozilla/5.0 (Macintosh; Intel Mac OS X 10_9_4) AppleWebKit/537.36 (KHTML, like Gecko) Chrome/36.0.1985.125 Safari/537.36\"",-86.560866,34.725269,967145,Miller,Jonathan,M,1628311215000,true,2026,8,17,7
2026-08-07T17:44:31.000+07:00,1568214,paid,13,Macomb,,IL,"\"Mozilla/5.0 (Windows NT 6.1; WOW64) AppleWebKit/537.36 (KHTML, like Gecko) Chrome/36.0.1985.143 Safari/537.36\"",-90.646505,40.439873,88611,Campbell,Petra,F,1628311215000,true,2026,8,17,7
2026-08-07T17:44:32.000+07:00,563973,paid,115,Worthington,,WV,"\"Mozilla/5.0 (Windows NT 6.1; WOW64) AppleWebKit/537.36 (KHTML, like Gecko) Chrome/36.0.1985.125 Safari/537.36\"",-80.296284,39.451607,563974,Barrera,Francisco,M,1628311215000,true,2026,8,17,7
2026-08-07T17:44:35.000+07:00,325047,free,2,Richmond,,VA,"\"Mozilla/5.0 (Windows NT 6.1; WOW64) AppleWebKit/537.36 (KHTML, like Gecko) Chrome/36.0.1985.125 Safari/537.36\"",-77.512937,37.518624,325048,Alvarado,Connor,M,1675498759000,true,2026,8,17,7
2026-08-07T17:44:39.000+07:00,457843,free,3,Point Marion,,PA,"\"Mozilla/5.0 (iPhone; CPU iPhone OS 7_1_1 like Mac OS X) AppleWebKit/537.51.2 (KHTML, like Gecko) Version/7.0 Mobile/11D201 Safari/9537.53\"",-79.891941,39.752149,457844,Smith,Gavin,M,1628311215000,true,2026,8,17,7
2026-08-07T17:44:40.000+07:00,1863144,paid,1,San Jose,,CA,Mozilla/5.0 (Macintosh; Intel Mac OS X 10.9; rv:31.0) Gecko/20100101 Firefox/31.0,-121.883537,37.344507,978084,Harper,Lauryn,F,1764307249000,true,2026,8,17,7
2026-08-07T17:44:50.000+07:00,171169,free,2,Winter Park,,FL,"\"Mozilla/5.0 (Macintosh; Intel Mac OS X 10_9_4) AppleWebKit/537.36 (KHTML, like Gecko) Chrome/35.0.1916.153 Safari/537.36\"",-81.298342,28.610096,171170,Greer,Heidi,F,1628311215000,true,2026,8,17,7
2026-08-07T17:44:52.000+07:00,1223753,paid,17,Houston,,TX,"\"Mozilla/5.0 (Windows NT 6.1; WOW64) AppleWebKit/537.36 (KHTML, like Gecko) Chrome/36.0.1985.143 Safari/537.36\"",-95.584817,29.699688,450559,Arias,Eddy,M,1704186475000,true,2026,8,17,7
2026-08-07T17:44:54.000+07:00,69544,free,2,Norfolk,,VA,"\"Mozilla/5.0 (Windows NT 6.3; WOW64) AppleWebKit/537.36 (KHTML, like Gecko) Chrome/36.0.1985.143 Safari/537.36\"",-76.204908,36.860941,69545,Campbell,Michael,M,1673756950000,true,2026,8,17,7
2026-08-07T17:44:56.000+07:00,1862415,free,6,Danvers,,MA,"\"Mozilla/5.0 (Windows NT 6.1; WOW64) AppleWebKit/537.36 (KHTML, like Gecko) Chrome/36.0.1985.125 Safari/537.36\"",-70.950516,42.574174,731833,Wagner,Aarav,M,1628311215000,true,2026,8,17,7
2026-08-07T17:44:59.000+07:00,1543546,free,5,Virginia Beach,,VA,Mozilla/5.0 (Windows NT 6.3; WOW64; rv:31.0) Gecko/20100101 Firefox/31.0,-76.035478,36.736543,964959,Turner,Gianna,F,1628311215000,true,2026,8,17,7
2026-08-07T17:45:11.000+07:00,1522905,free,2,Foley,,AL,Mozilla/5.0 (Windows NT 6.1; WOW64; Trident/7.0; rv:11.0) like Gecko,-87.726796,30.384723,389657,Jennings,William,M,1628311215000,true,2026,8,17,7
2026-08-07T17:45:16.000+07:00,1560085,free,1,Greensboro,,NC,Mozilla/5.0 (X11; Ubuntu; Linux x86_64; rv:31.0) Gecko/20100101 Firefox/31.0,-79.735752,36.114409,100786,Curry,James,M,1628311215000,true,2026,8,17,7
2026-08-07T17:45:16.000+07:00,937947,free,7,Taunton,,MA,"\"Mozilla/5.0 (Macintosh; Intel Mac OS X 10_9_4) AppleWebKit/537.78.2 (KHTML, like Gecko) Version/7.0.6 Safari/537.78.2\"",-71.118346,41.909112,937948,Perkins,Audrey,F,1720569342000,true,2026,8,17,7
2026-08-07T17:45:20.000+07:00,1793213,free,2,Mount Pleasant,,TX,"\"Mozilla/5.0 (Macintosh; Intel Mac OS X 10_9_4) AppleWebKit/537.36 (KHTML, like Gecko) Chrome/36.0.1985.143 Safari/537.36\"",-94.979111,33.21622,315202,Cabrera,Jordan,F,1628311215000,true,2026,8,17,7
2026-08-07T17:45:23.000+07:00,1407027,paid,1,Sanborn,,NY,"\"Mozilla/5.0 (Macintosh; Intel Mac OS X 10_9_4) AppleWebKit/537.78.2 (KHTML, like Gecko) Version/7.0.6 Safari/537.78.2\"",-78.877732,43.14933,319091,Ford,Akeem,M,1783010714000,true,2026,8,17,7
2026-08-07T17:45:30.000+07:00,1319133,free,7,San Bernardino,,CA,"\"Mozilla/5.0 (Windows NT 6.1) AppleWebKit/537.36 (KHTML, like Gecko) Chrome/36.0.1985.125 Safari/537.36\"",-117.301301,34.14463,959745,Mora,Cara,F,1628311215000,true,2026,8,17,7
2026-08-07T17:45:32.000+07:00,634003,paid,17,Bronx,,NY,"\"Mozilla/5.0 (Macintosh; Intel Mac OS X 10_9_4) AppleWebKit/537.36 (KHTML, like Gecko) Chrome/36.0.1985.143 Safari/537.36\"",-73.908592,40.81471,634004,Solomon,Regina,F,1653973617000,true,2026,8,17,7
2026-08-07T17:45:41.000+07:00,1750745,free,7,Hattiesburg,,MS,"\"Mozilla/5.0 (Windows NT 6.1; WOW64) AppleWebKit/537.36 (KHTML, like Gecko) Chrome/36.0.1985.143 Safari/537.36\"",-89.415848,31.334884,918073,Rivera,Drake,M,1768590818000,true,2026,8,17,7
2026-08-07T17:45:41.000+07:00,1905697,free,1,Harned,,KY,"\"Mozilla/5.0 (Macintosh; Intel Mac OS X 10_9_3) AppleWebKit/537.36 (KHTML, like Gecko) Chrome/36.0.1985.143 Safari/537.36\"",-86.368271,37.74009,,,,,,false,2026,8,17,7
2026-08-07T17:45:43.000+07:00,468645,free,1,Wixom,,MI,"\"Mozilla/5.0 (Windows NT 6.3; WOW64) AppleWebKit/537.36 (KHTML, like Gecko) Chrome/36.0.1985.125 Safari/537.36\"",-83.545088,42.521838,468646,Raymond,Ethan,M,1739198705000,true,2026,8,17,7
2026-08-07T17:45:51.000+07:00,225433,free,5,La Puente,,CA,"\"Mozilla/5.0 (X11; Linux x86_64) AppleWebKit/537.36 (KHTML, like Gecko) Ubuntu Chromium/36.0.1985.125 Chrome/36.0.1985.125 Safari/537.36\"",-117.93647,34.031415,225434,Richard,Francisco,M,1628311215000,true,2026,8,17,7
2026-08-07T17:45:57.000+07:00,1740525,paid,1,Stillwater,,MN,"\"Mozilla/5.0 (Macintosh; Intel Mac OS X 10_9_4) AppleWebKit/537.36 (KHTML, like Gecko) Chrome/36.0.1985.143 Safari/537.36\"",-92.839286,45.073144,498027,Mcbride,Maggie,F,1628311215000,true,2026,8,17,7
2026-08-07T17:46:06.000+07:00,1392476,paid,10,Bentonville,,AR,"\"Mozilla/5.0 (Macintosh; Intel Mac OS X 10_9_4) AppleWebKit/537.36 (KHTML, like Gecko) Chrome/36.0.1985.143 Safari/537.36\"",-94.25628,36.346567,982827,Miller,Emily,F,1719363484000,true,2026,8,17,7
2026-08-07T17:46:08.000+07:00,580448,free,1,Finksburg,,MD,"\"Mozilla/5.0 (Macintosh; Intel Mac OS X 10_9_4) AppleWebKit/537.77.4 (KHTML, like Gecko) Version/7.0.5 Safari/537.77.4\"",-76.915068,39.488167,580449,Schroeder,Joseph,M,1628311215000,true,2026,8,17,7
2026-08-07T17:46:10.000+07:00,1909408,free,2,Bakersfield,,CA,"\"Mozilla/5.0 (Windows NT 6.1; WOW64) AppleWebKit/537.36 (KHTML, like Gecko) Chrome/36.0.1985.143 Safari/537.36\"",-119.023451,35.339702,394163,Wilkinson,Angie,F,1760292210000,true,2026,8,17,7
2026-08-07T17:46:11.000+07:00,1709452,free,1,Holyoke,,MA,"\"Mozilla/5.0 (Macintosh; Intel Mac OS X 10_9_4) AppleWebKit/537.36 (KHTML, like Gecko) Chrome/36.0.1985.143 Safari/537.36\"",-72.642448,42.211656,562784,Warren,Nava,F,1628311215000,true,2026,8,17,7
2026-08-07T17:46:12.000+07:00,654729,free,5,Birmingham,,AL,Mozilla/5.0 (Windows NT 6.1; WOW64; rv:31.0) Gecko/20100101 Firefox/31.0,-86.845896,33.399153,654730,Holmes,Dylan,M,1754319568000,true,2026,8,17,7
2026-08-07T17:46:18.000+07:00,1774592,free,6,West Palm Beach,,FL,"\"Mozilla/5.0 (Macintosh; Intel Mac OS X 10_9_4) AppleWebKit/537.36 (KHTML, like Gecko) Chrome/36.0.1985.143 Safari/537.36\"",-80.193112,26.720009,519500,Peterson,Jayden,M,1628311215000,true,2026,8,17,7
2026-08-07T17:46:23.000+07:00,49244,paid,18,Dewitt,,MI,"\"Mozilla/5.0 (Windows NT 6.1; WOW64) AppleWebKit/537.36 (KHTML, like Gecko) Chrome/36.0.1985.125 Safari/537.36\"",-84.592296,42.863913,49245,Huffman,Lathan,M,1675042132000,true,2026,8,17,7
2026-08-07T17:46:27.000+07:00,112576,free,8,Tucson,,AZ,"\"Mozilla/5.0 (Macintosh; Intel Mac OS X 10_9_4) AppleWebKit/537.77.4 (KHTML, like Gecko) Version/7.0.5 Safari/537.77.4\"",-110.933341,32.147619,112577,Gibson,Stephanie,F,1628311215000,true,2026,8,17,7
2026-08-07T17:46:28.000+07:00,787727,paid,11,Reseda,,CA,Mozilla/5.0 (Windows NT 5.1; rv:31.0) Gecko/20100101 Firefox/31.0,-118.540958,34.200175,787728,Sanchez,Zachary,M,1628311215000,true,2026,8,17,7
2026-08-07T17:46:30.000+07:00,1784821,free,2,Visalia,,CA,"\"Mozilla/5.0 (Macintosh; Intel Mac OS X 10_9_4) AppleWebKit/537.78.2 (KHTML, like Gecko) Version/7.0.6 Safari/537.78.2\"",-119.375646,36.303793,703829,Hall,Jaiven,M,1747192072000,true,2026,8,17,7
2026-08-07T17:46:31.000+07:00,813450,free,2,Sparks,,GA,"\"Mozilla/5.0 (Macintosh; Intel Mac OS X 10_9_4) AppleWebKit/537.78.2 (KHTML, like Gecko) Version/7.0.6 Safari/537.78.2\"",-83.427337,31.208842,813451,Miller,Emma,F,1628311215000,true,2026,8,17,7
2026-08-07T17:46:34.000+07:00,155649,free,5,Dearborn,,MI,Mozilla/5.0 (Windows NT 6.1; WOW64; rv:31.0) Gecko/20100101 Firefox/31.0,-83.24761,42.298036,155650,Serrano,Mahi,F,1628311215000,true,2026,8,17,7
2026-08-07T17:46:35.000+07:00,305028,free,1,Warren,,MI,"\"Mozilla/5.0 (Windows NT 6.1; WOW64) AppleWebKit/537.36 (KHTML, like Gecko) Chrome/36.0.1985.125 Safari/537.36\"",-82.993857,42.468096,305029,Wallace,Elizabeth,F,1628311215000,true,2026,8,17,7
2026-08-07T17:46:36.000+07:00,1527574,paid,1,Provo,,UT,"\"Mozilla/5.0 (X11; Linux x86_64) AppleWebKit/537.36 (KHTML, like Gecko) Chrome/36.0.1985.125 Safari/537.36\"",-111.69709,40.226534,296722,Newton,Edward,M,1714620215000,true,2026,8,17,7
2026-08-07T17:46:38.000+07:00,1822867,paid,1,Patterson,,CA,"\"Mozilla/5.0 (Macintosh; Intel Mac OS X 10_9_4) AppleWebKit/537.78.2 (KHTML, like Gecko) Version/7.0.6 Safari/537.78.2\"",-121.22995,37.452894,469586,Mason,Maggie,F,1628311215000,true,2026,8,17,7
2026-08-07T17:46:38.000+07:00,1905697,free,4,Harned,,KY,"\"Mozilla/5.0 (Macintosh; Intel Mac OS X 10_9_3) AppleWebKit/537.36 (KHTML, like Gecko) Chrome/36.0.1985.143 Safari/537.36\"",-86.368271,37.74009,219317,Johnson,Angel,F,1628311215000,true,2026,8,17,7
2026-08-07T17:46:43.000+07:00,891677,free,1,Savannah,,GA,"\"Mozilla/5.0 (Windows NT 6.3; WOW64) AppleWebKit/537.36 (KHTML, like Gecko) Chrome/36.0.1985.143 Safari/537.36\"",-81.179127,32.039413,891678,Johnson,Adeline,F,1775367936000,true,2026,8,17,7
2026-08-07T17:46:44.000+07:00,376685,paid,14,Pacific Palisades,,CA,"\"Mozilla/5.0 (Macintosh; Intel Mac OS X 10_9_4) AppleWebKit/537.36 (KHTML, like Gecko) Chrome/36.0.1985.143 Safari/537.36\"",-118.544232,34.08746,,,,,,false,2026,8,17,7
2026-08-07T17:46:45.000+07:00,1424239,paid,56,Dallas,,TX,"\"Mozilla/5.0 (Windows NT 6.2; WOW64) AppleWebKit/537.36 (KHTML, like Gecko) Chrome/36.0.1985.125 Safari/537.36\"",-96.878831,32.781246,65874,Greene,Alexis,F,1628311215000,true,2026,8,17,7
2026-08-07T17:46:45.000+07:00,376685,paid,15,Pacific Palisades,,CA,"\"Mozilla/5.0 (Macintosh; Intel Mac OS X 10_9_4) AppleWebKit/537.36 (KHTML, like Gecko) Chrome/36.0.1985.143 Safari/537.36\"",-118.544232,34.08746,,,,,,false,2026,8,17,7
2026-08-07T17:46:46.000+07:00,1843517,paid,1,Oskaloosa,,IA,"\"Mozilla/5.0 (Macintosh; Intel Mac OS X 10_9_4) AppleWebKit/537.36 (KHTML, like Gecko) Chrome/37.0.2062.94 Safari/537.36\"",-92.661641,41.272983,237230,Mckinney,Markus,M,1756716588000,true,2026,8,17,7
2026-08-07T17:46:47.000+07:00,209587,free,2,Houston,,TX,"\"Mozilla/5.0 (Windows NT 6.1; WOW64) AppleWebKit/537.36 (KHTML, like Gecko) Chrome/36.0.1985.143 Safari/537.36\"",-95.191192,29.619365,209588,Peters,Colin,M,1628311215000,true,2026,8,17,7
2026-08-07T17:46:47.000+07:00,781978,free,5,Conroe,,TX,"\"Mozilla/5.0 (Windows NT 6.1; WOW64) AppleWebKit/537.36 (KHTML, like Gecko) Chrome/37.0.2062.94 Safari/537.36\"",-95.416291,30.188194,781979,Lopez,Mason,M,1746253497000,true,2026,8,17,7
2026-08-07T17:47:02.000+07:00,800509,free,2,Hartford,,CT,"\"Mozilla/5.0 (Macintosh; Intel Mac OS X 10_9_4) AppleWebKit/537.77.4 (KHTML, like Gecko) Version/7.0.5 Safari/537.77.4\"",-72.696006,41.748587,,,,,,false,2026,8,17,7
2026-08-07T17:47:03.000+07:00,465474,free,2,Milan,,MI,"\"Mozilla/5.0 (Macintosh; Intel Mac OS X 10_9_4) AppleWebKit/537.36 (KHTML, like Gecko) Chrome/36.0.1985.143 Safari/537.36\"",-83.674971,42.078164,465475,Leon,Matthew,M,1628311215000,true,2026,8,17,7
2026-08-07T17:47:03.000+07:00,800509,free,3,Hartford,,CT,"\"Mozilla/5.0 (Macintosh; Intel Mac OS X 10_9_4) AppleWebKit/537.77.4 (KHTML, like Gecko) Version/7.0.5 Safari/537.77.4\"",-72.696006,41.748587,,,,,,false,2026,8,17,7
2026-08-07T17:47:06.000+07:00,1871658,free,2,Farmington,,NM,"\"Mozilla/5.0 (X11; Linux x86_64) AppleWebKit/537.36 (KHTML, like Gecko) Ubuntu Chromium/36.0.1985.125 Chrome/36.0.1985.125 Safari/537.36\"",-108.178691,36.740321,104725,Ramirez,Isaac,M,1628311215000,true,2026,8,17,7
2026-08-07T17:47:10.000+07:00,1874054,free,1,Saint Albans,,VT,"\"Mozilla/5.0 (Macintosh; Intel Mac OS X 10_9_4) AppleWebKit/537.36 (KHTML, like Gecko) Chrome/36.0.1985.125 Safari/537.36\"",-73.081499,44.809326,568182,Lopez,Andres,M,1628311215000,true,2026,8,17,7
2026-08-07T17:47:12.000+07:00,676434,free,5,Columbia,,SC,"\"Mozilla/5.0 (Windows NT 6.1; WOW64) AppleWebKit/537.36 (KHTML, like Gecko) Chrome/36.0.1985.143 Safari/537.36\"",-80.919271,34.092634,676435,Goodman,Awan,M,1687050559000,true,2026,8,17,7
2026-08-07T17:47:17.000+07:00,425668,free,2,San Juan,,TX,Mozilla/5.0 (Macintosh; Intel Mac OS X 10.9; rv:31.0) Gecko/20100101 Firefox/31.0,-98.154843,26.167835,,,,,,false,2026,8,17,7
2026-08-07T17:47:19.000+07:00,1497326,paid,2,Lawrenceville,,GA,"\"Mozilla/5.0 (Windows NT 6.1; WOW64) AppleWebKit/537.36 (KHTML, like Gecko) Chrome/36.0.1985.143 Safari/537.36\"",-84.065651,33.92209,342923,Pham,Victor,M,1628311215000,true,2026,8,17,7
2026-08-07T17:47:25.000+07:00,376685,paid,16,Pacific Palisades,,CA,"\"Mozilla/5.0 (Macintosh; Intel Mac OS X 10_9_4) AppleWebKit/537.36 (KHTML, like Gecko) Chrome/36.0.1985.143 Safari/537.36\"",-118.544232,34.08746,376686,Lopez,Savannah,F,1695220376000,true,2026,8,17,7
2026-08-07T17:47:29.000+07:00,1905222,free,2,Camarillo,,CA,Mozilla/5.0 (Windows NT 6.1; WOW64; Trident/7.0; rv:11.0) like Gecko,-118.988163,34.198821,950293,Williams,Rainy,F,1750944287000,true,2026,8,17,7
2026-08-07T17:47:32.000+07:00,55809,paid,17,Mooresville,,IN,Mozilla/5.0 (Macintosh; Intel Mac OS X 10.9; rv:31.0) Gecko/20100101 Firefox/31.0,-86.373602,39.579356,,,,,,false,2026,8,17,7
2026-08-07T17:47:37.000+07:00,330693,free,2,Las Vegas,,NV,"\"Mozilla/5.0 (Macintosh; Intel Mac OS X 10_8_5) AppleWebKit/537.77.4 (KHTML, like Gecko) Version/6.1.5 Safari/537.77.4\"",-115.223617,36.205266,330694,Berry,Jackson,M,1628311215000,true,2026,8,17,7
2026-08-07T17:47:38.000+07:00,1805518,paid,1,San Jose,,CA,"\"Mozilla/5.0 (Macintosh; Intel Mac OS X 10_9_4) AppleWebKit/537.36 (KHTML, like Gecko) Chrome/36.0.1985.143 Safari/537.36\"",-121.835328,37.3287,755798,Mendoza,Colin,M,1628311215000,true,2026,8,17,7
2026-08-07T17:47:39.000+07:00,821240,free,1,Grand Rapids,,MI,Mozilla/5.0 (Windows NT 6.2; WOW64; rv:31.0) Gecko/20100101 Firefox/31.0,-85.535988,42.933092,821241,Moore,Kaden,M,1664382056000,true,2026,8,17,7
2026-08-07T17:47:40.000+07:00,1569520,free,5,Ridgeland,,MS,"\"Mozilla/5.0 (Windows NT 6.3; WOW64) AppleWebKit/537.36 (KHTML, like Gecko) Chrome/37.0.2062.94 Safari/537.36\"",-90.169852,32.425874,458417,Small,Ryland,M,1628311215000,true,2026,8,17,7
2026-08-07T17:47:40.000+07:00,393399,paid,26,Gresham,,OR,"\"Mozilla/5.0 (Macintosh; Intel Mac OS X 10_9_4) AppleWebKit/537.78.2 (KHTML, like Gecko) Version/7.0.6 Safari/537.78.2\"",-122.433565,45.50923,393400,Lee,Angelica,F,1628311215000,true,2026,8,17,7
2026-08-07T17:47:46.000+07:00,1395127,free,4,Waycross,,GA,Mozilla/5.0 (Windows NT 6.3; WOW64; rv:31.0) Gecko/20100101 Firefox/31.0,-82.413073,31.202246,895907,Fisher,Karim,M,1628311215000,true,2026,8,17,7
2026-08-07T17:47:50.000+07:00,151124,paid,1,Fernandina Beach,,FL,"\"Mozilla/5.0 (Macintosh; Intel Mac OS X 10_9_4) AppleWebKit/537.77.4 (KHTML, like Gecko) Version/7.0.5 Safari/537.77.4\"",-81.49172,30.609692,151125,Harris,Nicole,F,1628311215000,true,2026,8,17,7
2026-08-07T17:47:56.000+07:00,1112633,paid,49,Kirksville,,MO,Mozilla/5.0 (X11; Ubuntu; Linux x86_64; rv:31.0) Gecko/20100101 Firefox/31.0,-92.59121,40.166289,,,,,,false,2026,8,17,7
2026-08-07T17:47:56.000+07:00,1880651,paid,2,Cuyahoga Falls,,OH,"\"Mozilla/5.0 (Macintosh; Intel Mac OS X 10_9_2) AppleWebKit/537.75.14 (KHTML, like Gecko) Version/7.0.3 Safari/537.75.14\"",-81.531057,41.169665,,,,,,false,2026,8,17,7
2026-08-07T17:47:57.000+07:00,1112633,paid,50,Kirksville,,MO,Mozilla/5.0 (X11; Ubuntu; Linux x86_64; rv:31.0) Gecko/20100101 Firefox/31.0,-92.59121,40.166289,,,,,,false,2026,8,17,7
2026-08-07T17:47:59.000+07:00,544595,free,1,Mountain View,,CA,"\"Mozilla/5.0 (iPad; CPU OS 7_1_2 like Mac OS X) AppleWebKit/537.51.2 (KHTML, like Gecko) Version/7.0 Mobile/11D257 Safari/9537.53\"",-122.085286,37.380566,544596,Stewart,Kolt,M,1628311215000,true,2026,8,17,7
2026-08-07T17:48:01.000+07:00,1871739,paid,1,Homeland,,CA,"\"Mozilla/5.0 (Windows NT 6.1; WOW64) AppleWebKit/537.36 (KHTML, like Gecko) Chrome/36.0.1985.143 Safari/537.36\"",-117.109484,33.758663,563413,Hunt,Jordy,M,1628311215000,true,2026,8,17,7
2026-08-07T17:48:02.000+07:00,935099,free,1,San Francisco,,CA,Mozilla/5.0 (compatible; MSIE 10.0; Windows NT 6.2; WOW64; Trident/6.0),-122.441472,37.745916,935100,Crawford,Maryah,F,1628311215000,true,2026,8,17,7
2026-08-07T17:48:03.000+07:00,1703126,paid,65,Mountain City,,TN,Mozilla/5.0 (Macintosh; Intel Mac OS X 10.9; rv:31.0) Gecko/20100101 Firefox/31.0,-81.822037,36.454744,238431,Lewis,Tiffany,F,1628311215000,true,2026,8,17,7
2026-08-07T17:48:09.000+07:00,880752,free,1,Bethesda,,MD,Mozilla/5.0 (Windows NT 6.3; WOW64; Trident/7.0; rv:11.0) like Gecko,-77.151871,38.997229,880753,Garcia,Joselyne,F,1628311215000,true,2026,8,17,7
2026-08-07T17:48:22.000+07:00,1903943,free,1,Toledo,,OH,Mozilla/5.0 (Macintosh; Intel Mac OS X 10.8; rv:31.0) Gecko/20100101 Firefox/31.0,-83.506863,41.648026,425815,Reid,Riley,F,1628311215000,true,2026,8,17,7
2026-08-07T17:48:23.000+07:00,1600617,free,7,Templeton,,MA,Mozilla/5.0 (Windows NT 6.1; rv:31.0) Gecko/20100101 Firefox/31.0,-72.068345,42.542767,625987,Jones,Sophia,F,1628311215000,true,2026,8,17,7
2026-08-07T17:48:30.000+07:00,1577239,free,4,Bakersfield,,CA,"\"Mozilla/5.0 (Macintosh; Intel Mac OS X 10_9_4) AppleWebKit/537.77.4 (KHTML, like Gecko) Version/7.0.5 Safari/537.77.4\"",-119.023451,35.339702,631567,Lawrence,Kenneth,M,1698549489000,true,2026,8,17,7
2026-08-07T17:48:31.000+07:00,226681,free,8,Orange,,VA,"\"Mozilla/5.0 (Macintosh; Intel Mac OS X 10_9_4) AppleWebKit/537.36 (KHTML, like Gecko) Chrome/36.0.1985.143 Safari/537.36\"",-78.073339,38.218996,226682,Stewart,Nicolas,M,1628311215000,true,2026,8,17,7
2026-08-07T17:48:34.000+07:00,704488,free,5,Louisville,,KY,Mozilla/5.0 (Windows NT 6.1; WOW64; Trident/7.0; rv:11.0) like Gecko,-85.583895,38.130822,704489,Taylor,Jennifer,F,1776309428000,true,2026,8,17,7
2026-08-07T17:48:36.000+07:00,1521538,paid,2,Minneapolis,,MN,"\"Mozilla/5.0 (Macintosh; Intel Mac OS X 10_9_4) AppleWebKit/537.36 (KHTML, like Gecko) Chrome/37.0.2062.94 Safari/537.36\"",-93.277176,44.835969,990788,Hernandez,Hailee,F,1628311215000,true,2026,8,17,7
2026-08-07T17:48:38.000+07:00,1596253,free,7,Duncanville,,TX,Mozilla/5.0 (Windows NT 6.1; rv:31.0) Gecko/20100101 Firefox/31.0,-96.911882,32.66066,663018,Howard,Drake,M,1628311215000,true,2026,8,17,7
2026-08-07T17:48:42.000+07:00,152045,paid,7,Barstow,,CA,"\"Mozilla/5.0 (Windows NT 6.1) AppleWebKit/537.36 (KHTML, like Gecko) Chrome/36.0.1985.143 Safari/537.36\"",-116.964449,34.980294,152046,Johnson,Santino,M,1771811093000,true,2026,8,17,7
2026-08-07T17:48:43.000+07:00,27975,paid,15,Huntsville,,AL,Mozilla/5.0 (Windows NT 6.1; Trident/7.0; rv:11.0) like Gecko,-86.558882,34.668212,27976,Oneal,Braydon,M,1628311215000,true,2026,8,17,7
2026-08-07T17:48:46.000+07:00,387931,free,7,Meansville,,GA,"\"Mozilla/5.0 (iPhone; CPU iPhone OS 7_1_2 like Mac OS X) AppleWebKit/537.51.2 (KHTML, like Gecko) Version/7.0 Mobile/11D257 Safari/9537.53\"",-84.3099,33.007484,387932,King,Emily,F,1628311215000,true,2026,8,17,7
2026-08-07T17:48:46.000+07:00,1830000,paid,1,Shiprock,,NM,"\"Mozilla/5.0 (Windows NT 6.1; WOW64) AppleWebKit/537.36 (KHTML, like Gecko) Chrome/36.0.1985.143 Safari/537.36\"",-108.899622,36.852599,391824,Castillo,Eniya,F,1717568959000,true,2026,8,17,7
2026-08-07T17:48:49.000+07:00,865522,free,1,Phillipsburg,,NJ,Mozilla/5.0 (Windows NT 6.1; rv:31.0) Gecko/20100101 Firefox/31.0,-75.147074,40.708223,865523,Hogan,Porter,M,1748122204000,true,2026,8,17,7
2026-08-07T17:48:49.000+07:00,111138,free,5,Pendleton,,SC,"\"Mozilla/5.0 (Macintosh; Intel Mac OS X 10_9_4) AppleWebKit/537.36 (KHTML, like Gecko) Chrome/35.0.1916.153 Safari/537.36\"",-82.723237,34.643979,111139,Tran,Sophia,F,1687585407000,true,2026,8,17,7
2026-08-07T17:49:12.000+07:00,1437162,paid,1,Kansas City,,MO,"\"Mozilla/5.0 (Macintosh; Intel Mac OS X 10_9_4) AppleWebKit/537.36 (KHTML, like Gecko) Chrome/36.0.1985.143 Safari/537.36\"",-94.523234,39.114346,745087,Hogan,Jason,M,1628311215000,true,2026,8,17,7
2026-08-07T17:49:13.000+07:00,831225,free,7,Jacobs Creek,,PA,Mozilla/5.0 (Macintosh; Intel Mac OS X 10.9; rv:31.0) Gecko/20100101 Firefox/31.0,-79.732512,40.135979,831226,Wagner,Jamison,M,1698552483000,true,2026,8,17,7
2026-08-07T17:49:13.000+07:00,1760434,free,1,Chicago,,IL,"\"Mozilla/5.0 (Macintosh; Intel Mac OS X 10_9_4) AppleWebKit/537.78.2 (KHTML, like Gecko) Version/7.0.6 Safari/537.78.2\"",-87.662604,41.972872,636110,Campbell,Alexis,M,1628311215000,true,2026,8,17,7
2026-08-07T17:49:17.000+07:00,1492033,paid,2,Seymour,,IN,"\"Mozilla/5.0 (Macintosh; Intel Mac OS X 10_8_5) AppleWebKit/537.77.4 (KHTML, like Gecko) Version/6.1.5 Safari/537.77.4\"",-85.937722,38.966511,994434,Huang,Michael,M,1728849680000,true,2026,8,17,7
2026-08-07T17:49:19.000+07:00,1799166,paid,1,Midlothian,,VA,"\"Mozilla/5.0 (Macintosh; Intel Mac OS X 10_9_4) AppleWebKit/537.77.4 (KHTML, like Gecko) Version/7.0.5 Safari/537.77.4\"",-77.679628,37.538846,,,,,,false,2026,8,17,7
2026-08-07T17:49:19.000+07:00,807815,free,1,Kingsville,,MO,"\"Mozilla/5.0 (iPhone; CPU iPhone OS 7_1_2 like Mac OS X) AppleWebKit/537.51.2 (KHTML, like Gecko) Version/7.0 Mobile/11D257 Safari/9537.53\"",-94.084862,38.783394,,,,,,false,2026,8,17,7
2026-08-07T17:49:20.000+07:00,1799166,paid,2,Midlothian,,VA,"\"Mozilla/5.0 (Macintosh; Intel Mac OS X 10_9_4) AppleWebKit/537.77.4 (KHTML, like Gecko) Version/7.0.5 Safari/537.77.4\"",-77.679628,37.538846,,,,,,false,2026,8,17,7
2026-08-07T17:49:20.000+07:00,807815,free,2,Kingsville,,MO,"\"Mozilla/5.0 (iPhone; CPU iPhone OS 7_1_2 like Mac OS X) AppleWebKit/537.51.2 (KHTML, like Gecko) Version/7.0 Mobile/11D257 Safari/9537.53\"",-94.084862,38.783394,,,,,,false,2026,8,17,7
2026-08-07T17:49:21.000+07:00,1286789,free,5,Syracuse,,NY,"\"Mozilla/5.0 (Windows NT 6.1; WOW64) AppleWebKit/537.36 (KHTML, like Gecko) Chrome/36.0.1985.125 Safari/537.36\"",-76.145229,43.078768,916276,Kim,Alanna,F,1628311215000,true,2026,8,17,7
2026-08-07T17:49:26.000+07:00,719519,free,4,Los Angeles,,CA,"\"Mozilla/5.0 (Macintosh; Intel Mac OS X 10_9_4) AppleWebKit/537.36 (KHTML, like Gecko) Chrome/37.0.2062.94 Safari/537.36\"",-118.350411,34.07041,719520,Middleton,Caleb,M,1713697881000,true,2026,8,17,7
2026-08-07T17:49:30.000+07:00,124934,free,4,El Cajon,,CA,Mozilla/5.0 (Windows NT 6.1; WOW64; rv:31.0) Gecko/20100101 Firefox/31.0,-116.969721,32.79551,124935,King,Orlando,M,1628311215000,true,2026,8,17,7
2026-08-07T17:49:32.000+07:00,800509,free,4,Hartford,,CT,"\"Mozilla/5.0 (Macintosh; Intel Mac OS X 10_9_4) AppleWebKit/537.77.4 (KHTML, like Gecko) Version/7.0.5 Safari/537.77.4\"",-72.696006,41.748587,800510,Owens,Kol,M,1709549826000,true,2026,8,17,7
2026-08-07T17:49:33.000+07:00,308170,free,8,Buffalo,,NY,"\"Mozilla/5.0 (Windows NT 6.1; WOW64) AppleWebKit/537.36 (KHTML, like Gecko) Chrome/36.0.1985.143 Safari/537.36\"",-78.796455,42.971014,308171,Chaney,Allyson,F,1628311215000,true,2026,8,17,7
2026-08-07T17:49:37.000+07:00,526693,free,1,Omaha,,NE,Mozilla/5.0 (Macintosh; Intel Mac OS X 10.9; rv:31.0) Gecko/20100101 Firefox/31.0,-96.193646,41.207379,526694,Harvey,Isabelle,F,1689708257000,true,2026,8,17,7
2026-08-07T17:49:37.000+07:00,807815,free,3,Kingsville,,MO,"\"Mozilla/5.0 (iPhone; CPU iPhone OS 7_1_2 like Mac OS X) AppleWebKit/537.51.2 (KHTML, like Gecko) Version/7.0 Mobile/11D257 Safari/9537.53\"",-94.084862,38.783394,807816,Watson,Ronin,M,1761530301000,true,2026,8,17,7
2026-08-07T17:49:38.000+07:00,922817,paid,21,Machesney Park,,IL,"\"Mozilla/5.0 (Macintosh; Intel Mac OS X 10_10_0) AppleWebKit/537.36 (KHTML, like Gecko) Chrome/36.0.1985.125 Safari/537.36\"",-89.027467,42.364306,922818,Preston,Dezmin,M,1628311215000,true,2026,8,17,7
2026-08-07T17:49:43.000+07:00,166628,free,2,Thibodaux,,LA,Mozilla/5.0 (Windows NT 6.1; WOW64; rv:32.0) Gecko/20100101 Firefox/32.0,-90.750267,29.808328,166629,Johnson,Ahmed,M,1675779147000,true,2026,8,17,7
2026-08-07T17:49:55.000+07:00,419659,free,1,Boca Raton,,FL,"\"Mozilla/5.0 (Macintosh; Intel Mac OS X 10_9_4) AppleWebKit/537.78.2 (KHTML, like Gecko) Version/7.0.6 Safari/537.78.2\"",-80.082735,26.343902,419660,Mathews,Allison,M,1628311215000,true,2026,8,17,7
2026-08-07T17:49:56.000+07:00,1863660,free,1,Toledo,,OH,"\"Mozilla/5.0 (Macintosh; Intel Mac OS X 10_8_5) AppleWebKit/537.36 (KHTML, like Gecko) Chrome/37.0.2062.94 Safari/537.36\"",-83.48503,41.705139,710227,Palmer,Myra,F,1785502411000,true,2026,8,17,7
2026-08-07T17:50:00.000+07:00,1565640,paid,1,San Antonio,,TX,"\"Mozilla/5.0 (Macintosh; Intel Mac OS X 10_8_5) AppleWebKit/537.77.4 (KHTML, like Gecko) Version/6.1.5 Safari/537.77.4\"",-98.664636,29.503453,149,Phillips,Sadie,F,1760366737000,true,2026,8,17,7
2026-08-07T17:50:00.000+07:00,1707683,paid,2,Roswell,,GA,"\"Mozilla/5.0 (Windows NT 6.1; WOW64) AppleWebKit/537.36 (KHTML, like Gecko) Chrome/36.0.1985.125 Safari/537.36\"",-84.311406,34.028474,900760,Owen,Hannah,F,1628311215000,true,2026,8,17,7
2026-08-07T17:50:02.000+07:00,1709848,paid,2,Louisville,,KY,Mozilla/5.0 (Windows NT 6.1; rv:31.0) Gecko/20100101 Firefox/31.0,-85.654311,38.189321,469494,Jones,Emma,F,1696919704000,true,2026,8,17,7
2026-08-07T17:50:05.000+07:00,1774073,paid,2,Bangor,,ME,"\"Mozilla/5.0 (iPhone; CPU iPhone OS 7_1_1 like Mac OS X) AppleWebKit/537.51.2 (KHTML, like Gecko) Version/7.0 Mobile/11D201 Safari/9537.53\"",-68.850405,44.848517,698150,Pace,Allen,M,1680406895000,true,2026,8,17,7
2026-08-07T17:50:06.000+07:00,1278333,free,1,Bronx,,NY,"\"Mozilla/5.0 (Windows NT 6.1; WOW64) AppleWebKit/537.36 (KHTML, like Gecko) Chrome/36.0.1985.143 Safari/537.36\"",-73.892971,40.825875,713569,Hudson,Finley,M,1628311215000,true,2026,8,17,7
2026-08-07T17:50:10.000+07:00,1849828,paid,4,Downey,,CA,"\"Mozilla/5.0 (Macintosh; Intel Mac OS X 10_9_3) AppleWebKit/537.36 (KHTML, like Gecko) Chrome/36.0.1985.143 Safari/537.36\"",-118.128628,33.940884,817603,Todd,Derick,M,1628311215000,true,2026,8,17,7
